prompt,response
Retrieve all data from the "albums" table.,"SELECT * FROM albums;"
List all unique names from the "artists" table.,"SELECT DISTINCT Name FROM artists;"
Retrieve the first and last names of all employees.,"SELECT FirstName, LastName FROM employees;"
Get the total number of customers.,"SELECT COUNT(CustomerId) AS TotalCustomers FROM customers;"
Find the titles of all albums along with their corresponding artist names.,"SELECT albums.Title, artists.Name AS ArtistName FROM albums INNER JOIN artists ON albums.ArtistId = artists.ArtistId;"
List the names and email addresses of all customers.,"SELECT FirstName, LastName, Email FROM customers;"
Retrieve the total sales from the "invoices" table.,"SELECT SUM(Total) AS TotalSales FROM invoices;"
Find the genres with their respective names from the "genres" table.,"SELECT GenreId, Name FROM genres;"
Get the names of all playlists.,"SELECT Name FROM playlists;"
Retrieve the track names and their respective album titles.,"SELECT tracks.Name AS TrackName, albums.Title AS AlbumTitle FROM tracks INNER JOIN albums ON tracks.AlbumId = albums.AlbumId;"
List the titles and artists of all tracks.,"SELECT tracks.Name AS TrackTitle, artists.Name AS ArtistName FROM tracks INNER JOIN albums ON tracks.AlbumId = albums.AlbumId INNER JOIN artists ON albums.ArtistId = artists.ArtistId;"
Retrieve the names of all media types.,"SELECT Name FROM media_types;"
Get the first and last names of all employees along with their titles.,"SELECT FirstName, LastName, Title FROM employees;"
Find the total price of all invoice items.,"SELECT SUM(UnitPrice * Quantity) AS TotalPrice FROM invoice_items;"
List the names and countries of all customers.,"SELECT FirstName, LastName, Country FROM customers;"
Retrieve the names of all artists and their corresponding album counts.,"SELECT artists.Name AS ArtistName, COUNT(albums.AlbumId) AS AlbumCount FROM artists LEFT JOIN albums ON artists.ArtistId = albums.ArtistId GROUP BY artists.ArtistId;"
Find the total duration of all tracks.,"SELECT SUM(Milliseconds) AS TotalDuration FROM tracks;"
Get the names of all playlists along with the number of tracks in each.,"SELECT playlists.Name AS PlaylistName, COUNT(playlist_track.TrackId) AS TrackCount FROM playlists LEFT JOIN playlist_track ON playlists.PlaylistId = playlist_track.PlaylistId GROUP BY playlists.PlaylistId;"
Retrieve the names of all tracks with their respective genres.,"SELECT tracks.Name AS TrackName, genres.Name AS GenreName FROM tracks INNER JOIN genres ON tracks.GenreId = genres.GenreId;"
